职位名,公司名,薪资,发布日期,工作时间/学历,地点,详情页
WEB前端工程师,北京路遥科技有限公司,0.8-2万/月,发布于07-01,2年经验/本科,北京-海淀区,https://jobs.51job.com/beijing-hdq/105192367.html?s=01&t=0
WEB前端工程师,北京经世万方信息技术有限公司,0.8-1万/月,发布于07-01,1年经验/本科,北京-朝阳区,https://jobs.51job.com/beijing-cyq/101616307.html?s=01&t=0
Web前端开发工程师,石家庄辅良电子科技有限公司,0.9-1.5万/月,发布于07-01,2年经验/本科,北京-石景山区,https://jobs.51job.com/beijing-sjsq/120400040.html?s=01&t=0
Web前端开发工程师,中设数字技术股份有限公司,1.5-2万/月,发布于07-01,2年经验/本科,北京-石景山区,https://jobs.51job.com/beijing-sjsq/100538390.html?s=01&t=0
Web开发工程师,北京好来医学科技有限公司,0.9-1.2万/月,发布于07-01,1年经验/本科,北京,https://jobs.51job.com/beijing/122133218.html?s=01&t=0
Web前端开发工程师（18）,上海复深蓝软件股份有限公司,1-1.5万/月,发布于07-02,2年经验/本科,北京-朝阳区,https://jobs.51job.com/beijing-cyq/120780875.html?s=01&t=0
web前端开发工程师,中江联合（北京）科技有限公司,1-1.5万/月,发布于07-02,2年经验/大专,北京-海淀区,https://jobs.51job.com/beijing-hdq/118293800.html?s=01&t=0
Web前端开发工程师,武汉鑫瑞鼎汇软件技术服务有限公司,1-1.5万/月,发布于07-02,2年经验/本科,北京-昌平区,https://jobs.51job.com/beijing-cpq/123337662.html?s=01&t=0
Web前端开发工程师（财政二部门）,北京中科江南信息技术股份有限公司,0.8-1.5万/月,发布于07-02,1年经验/本科,北京-海淀区,https://jobs.51job.com/beijing-hdq/108284470.html?s=01&t=0
Web前端开发工程师（海淀区）,北京炎黄新星网络科技有限公司,0.8-1.5万/月,发布于07-02,2年经验/本科,北京-海淀区,https://jobs.51job.com/beijing-hdq/104637746.html?s=01&t=0
Web前端开发工程师,北京唐正时代科技有限公司,0.8-1万/月,发布于07-02,1年经验/本科,北京-海淀区,https://jobs.51job.com/beijing-hdq/123290865.html?s=01&t=0
B2B业务部_Web前端工程师,百度在线网络技术（北京）有限公司,2-3.5万/月,发布于07-02,1年经验/本科,北京,https://jobs.51job.com/beijing/119701966.html?s=01&t=0
web后端开发工程师,字节跳动,2-4万/月,发布于07-02,2年经验/本科,北京,https://jobs.51job.com/beijing/109051094.html?s=01&t=0
web前端开发工程师,深圳市捷兴电子商务有限公司,2-4万/月,发布于07-02,1年经验/大专,北京-大兴区,https://jobs.51job.com/beijing-dxq/114482747.html?s=01&t=0
web前端工程师,北京信普达系统工程有限公司,0.6-1.2万/月,发布于07-02,2年经验/本科,北京,https://jobs.51job.com/beijing/119100705.html?s=01&t=0
WEB前端中级软件工程师,阁瑞钛伦特软件（北京）有限公司,0.8-1万/月,发布于07-02,1年经验/大专,北京,https://jobs.51job.com/beijing/103112062.html?s=01&t=0
web前端开发工程师-tkyBIM平台,北京华路时代信息技术股份有限公司,1-1.5万/月,发布于07-02,2年经验/本科,北京-海淀区,https://jobs.51job.com/beijing-hdq/123246030.html?s=01&t=0
Web前端培训讲师,北京友聚四海网络科技有限公司,2.5-3万/月,发布于07-02,2年经验/本科,北京-朝阳区,https://jobs.51job.com/beijing-cyq/115007643.html?s=01&t=0
Web开发工程师,北京中遥智图科技有限公司,0.8-1.2万/月,发布于07-02,1年经验/本科,北京-朝阳区,https://jobs.51job.com/beijing-cyq/90718010.html?s=01&t=0
Web前端开发工程师,奇虎360科技有限公司,2-2.5万/月,发布于07-02,2年经验/本科,北京,https://jobs.51job.com/beijing/120551086.html?s=01&t=0
Web前端开发工程师,北京众友联拓科技有限公司,6-9千/月,发布于07-02,1年经验/本科,北京-朝阳区,https://jobs.51job.com/beijing-cyq/111504453.html?s=01&t=0
web软件开发工程师,北京智宸天驰科技有限公司,1.5-2万/月,发布于07-02,2年经验/本科,北京-海淀区,https://jobs.51job.com/beijing-hdq/101963568.html?s=01&t=0
Web前端开发工程师,北京格非科技股份有限公司,0.7-1.5万/月,发布于07-02,1年经验/大专,北京,https://jobs.51job.com/beijing/122838617.html?s=01&t=0
Web前端开发工程师,上海索辰信息科技股份有限公司,1-2万/月,发布于07-02,1年经验/本科,北京-海淀区,https://jobs.51job.com/beijing-hdq/118792296.html?s=01&t=0
Web前端软件工程师,中电太极（集团）有限公司,1-2万/月,发布于07-02,2年经验/本科,北京-海淀区,https://jobs.51job.com/beijing-hdq/122126901.html?s=01&t=0
web前端工程师,北京中金云创软件有限公司,0.6-1.5万/月,发布于07-02,2年经验/本科,北京-朝阳区,https://jobs.51job.com/beijing-cyq/121387587.html?s=01&t=0
UI / Web前端设计师,广州拓尔思大数据有限公司,0.6-1.2万/月,发布于07-02,1年经验/大专,北京-朝阳区,https://jobs.51job.com/beijing-cyq/110825883.html?s=01&t=0
Web前端开发工程师,北京亿联宏谦科技有限公司,1-1.5万/月,发布于07-02,2年经验/本科,北京-朝阳区,https://jobs.51job.com/beijing-cyq/117822990.html?s=01&t=0
Web前端开发工程师,北京中科铭天信息技术有限公司,1-1.2万/月,发布于07-02,2年经验/本科,北京-海淀区,https://jobs.51job.com/beijing-hdq/122607714.html?s=01&t=0
Web前端开发工程师,北京云思信息科技有限公司,1.2-1.6万/月,发布于07-02,2年经验/大专,北京-朝阳区,https://jobs.51job.com/beijing-cyq/121275886.html?s=01&t=0
web前端开发工程师HTML5,上海沁未网络科技有限公司,1.5-2万/月,发布于07-02,2年经验/大专,异地招聘,https://jobs.51job.com/shanghai-hkq/118332639.html?s=01&t=0
web开发工程师,杭州迪普科技股份有限公司,10-15万/年,发布于07-02,1年经验/本科,北京-海淀区,https://jobs.51job.com/beijing-hdq/63266261.html?s=01&t=0
Web开发工程师,北京中科利丰科技有限公司,1-1.5万/月,发布于07-02,1年经验/本科,北京-海淀区,https://jobs.51job.com/beijing-hdq/121605823.html?s=01&t=0
Web前端开发工程师,重庆软维科技有限公司,1-1.5万/月,发布于07-02,2年经验/本科,北京,https://jobs.51job.com/beijing/117161521.html?s=01&t=0
Web前端开发工程师,北京爱朗格瑞科技有限公司,0.7-1.2万/月,发布于07-02,2年经验/本科,北京-海淀区,https://jobs.51job.com/beijing-hdq/117962277.html?s=01&t=0
Web前端开发工程师,北京先进数通信息技术股份公司,1.2-1.6万/月,发布于07-02,2年经验/本科,北京-海淀区,https://jobs.51job.com/beijing-hdq/110894944.html?s=01&t=0
Web前端工程师（云安全/终端安全/Anglar）(J11571),北京天融信科技有限公司,0.8-1.3万/月,发布于07-02,2年经验/本科,北京,https://jobs.51job.com/beijing/121914586.html?s=01&t=0
Web前端开发工程师,北京北软高科科技发展有限公司,6-8千/月,发布于07-02,2年经验/大专,北京-丰台区,https://jobs.51job.com/beijing-ftq/120441360.html?s=01&t=0
Web前端开发工程师,北京华夏家润信息科技有限公司,6-8千/月,发布于07-02,1年经验/本科,北京-朝阳区,https://jobs.51job.com/beijing-cyq/116005862.html?s=01&t=0
web开发,博彦科技股份有限公司,0.9-1.7万/月,发布于07-02,2年经验/本科,北京,https://jobs.51job.com/beijing/102577155.html?s=01&t=0
web前端开发/网页制作,北京信众智信息咨询有限公司,6-8千/月,发布于07-02,2年经验/大专,北京-朝阳区,https://jobs.51job.com/beijing-cyq/123237308.html?s=01&t=0
Web前端开发工程师,北京金橙子科技股份有限公司,0.6-1万/月,发布于07-02,2年经验/本科,北京-顺义区,https://jobs.51job.com/beijing-syq/121628344.html?s=01&t=0
web前端开发工程师,亚信科技ITAM,1-1.8万/月,发布于07-02,1年经验/本科,北京-海淀区,https://jobs.51job.com/beijing-hdq/122398440.html?s=01&t=0
WEB前端开发工程师-北京-05402,博彦科技股份有限公司,1.5-1.9万/月,发布于07-02,2年经验/本科,北京,https://jobs.51job.com/beijing/123265248.html?s=01&t=0
Web前端开发工程师,北京悦和软件有限公司,6-8千/月,发布于07-02,2年经验/大专,北京,https://jobs.51job.com/beijing/123243988.html?s=01&t=0
web前端开发工程师,北京万户网络技术有限公司,0.8-1.6万/月,发布于07-02,2年经验/本科,北京,https://jobs.51job.com/beijing/123222616.html?s=01&t=0
Web前端工程师,北京康斯特仪表科技股份有限公司,0.8-1.6万/月,发布于07-02,2年经验/本科,北京,https://jobs.51job.com/beijing/118558062.html?s=01&t=0
Web前端开发工程师,北京全路通信信号研究设计院集团有限公司,1.2-2万/月,发布于07-02,2年经验/本科,北京-丰台区,https://jobs.51job.com/beijing-ftq/113093117.html?s=01&t=0
Web前端开发工程师,北京易用联友科技有限公司,1-1.5万/月,发布于07-02,2年经验/本科,北京,https://jobs.51job.com/beijing/111565240.html?s=01&t=0
